ID,Card ID,User contact,Timestamp
A982,ZYW8890,971534534534    ,14-11-2023 12:00PM
A983,ZYW8891,971534534535    ,14-11-2023 01:00PM
A984,ZYW8892,971534534536    ,14-11-2023 02:00PM
A985,ZYW8893,971534534537    ,14-11-2023 03:00PM
A986,ZYW8894,971534534538    ,14-11-2023 04:00PM
A987,ZYW8895,971534534539    ,14-11-2023 05:00PM
A988,ZYW8896,971534534540    ,14-11-2023 06:00PM
A989,ZYW8897,971534534541    ,14-11-2023 07:00PM
A990,ZYW8898,971534534542    ,14-11-2023 08:00PM
A991,ZYW8899,971534534543    ,14-11-2023 09:00PM
A992,ZYW8900,971534534544    ,14-11-2023 10:00PM
A993,ZYW8901,971534534545    ,14-11-2023 11:00PM
A994,ZYW8902,971534534546    ,15-11-2023 12:00AM
A995,ZYW8903,971534534547    ,15-11-2023 01:00AM
A996,ZYW8904,971534534548    ,15-11-2023 02:00AM
A997,ZYW8905,971534534549    ,15-11-2023 03:00AM
A998,ZYW8906,971534534550    ,15-11-2023 04:00AM
A999,ZYW8907,971534534551    ,15-11-2023 05:00AM
A1000,ZYW8908,971534534552    ,15-11-2023 06:00AM
